INSERT INTO forests (forest_name, forest_description) 
VALUES ('Sawtooth', 'Sawtooth forest'),
        ('Boise', 'Boise forest'),
        ('Payette', 'Payette forest');

INSERT INTO `Allotment` (`AllotmentID`,`Forest`,`RangerDistrict`,`PlotSize`,`PlotInterval`,`ReportID`) VALUES (100," Payette ","M-3",0,2,12);
INSERT INTO `Allotment` (`AllotmentID`,`Forest`,`RangerDistrict`,`PlotSize`,`PlotInterval`,`ReportID`) VALUES (101," Payette ","R-8",1,2,12);
INSERT INTO `Allotment` (`AllotmentID`,`Forest`,`RangerDistrict`,`PlotSize`,`PlotInterval`,`ReportID`) VALUES (102," Sawtooth","D-9",1,3,6);
INSERT INTO `Allotment` (`AllotmentID`,`Forest`,`RangerDistrict`,`PlotSize`,`PlotInterval`,`ReportID`) VALUES (103," Sawtooth","P-1",0,3,3);
INSERT INTO `Allotment` (`AllotmentID`,`Forest`,`RangerDistrict`,`PlotSize`,`PlotInterval`,`ReportID`) VALUES (104," Payette ","H-5",0,3,19);
INSERT INTO `Allotment` (`AllotmentID`,`Forest`,`RangerDistrict`,`PlotSize`,`PlotInterval`,`ReportID`) VALUES (105," Sawtooth","I-7",1,3,4);
INSERT INTO `Allotment` (`AllotmentID`,`Forest`,`RangerDistrict`,`PlotSize`,`PlotInterval`,`ReportID`) VALUES (106,"Boise ","S-3",0,3,5);
INSERT INTO `Allotment` (`AllotmentID`,`Forest`,`RangerDistrict`,`PlotSize`,`PlotInterval`,`ReportID`) VALUES (107,"Boise ","A-5",0,2,9);
INSERT INTO `Allotment` (`AllotmentID`,`Forest`,`RangerDistrict`,`PlotSize`,`PlotInterval`,`ReportID`) VALUES (108,"Boise ","U-1",0,1,17);
INSERT INTO `Allotment` (`AllotmentID`,`Forest`,`RangerDistrict`,`PlotSize`,`PlotInterval`,`ReportID`) VALUES (109,"Boise ","R-1",0,1,10);
INSERT INTO `Allotment` (`AllotmentID`,`Forest`,`RangerDistrict`,`PlotSize`,`PlotInterval`,`ReportID`) VALUES (110," Payette ","V-5",1,2,7);
INSERT INTO `Allotment` (`AllotmentID`,`Forest`,`RangerDistrict`,`PlotSize`,`PlotInterval`,`ReportID`) VALUES (111,"Boise ","M-3",0,3,6);
INSERT INTO `Allotment` (`AllotmentID`,`Forest`,`RangerDistrict`,`PlotSize`,`PlotInterval`,`ReportID`) VALUES (112,"Boise ","X-3",1,3,2);
INSERT INTO `Allotment` (`AllotmentID`,`Forest`,`RangerDistrict`,`PlotSize`,`PlotInterval`,`ReportID`) VALUES (113," Sawtooth","Z-2",0,3,15);
INSERT INTO `Allotment` (`AllotmentID`,`Forest`,`RangerDistrict`,`PlotSize`,`PlotInterval`,`ReportID`) VALUES (114," Sawtooth","K-8",1,3,19);
INSERT INTO `Allotment` (`AllotmentID`,`Forest`,`RangerDistrict`,`PlotSize`,`PlotInterval`,`ReportID`) VALUES (115," Payette ","L-7",0,2,12);
INSERT INTO `Allotment` (`AllotmentID`,`Forest`,`RangerDistrict`,`PlotSize`,`PlotInterval`,`ReportID`) VALUES (116," Sawtooth","V-5",1,3,16);
INSERT INTO `Allotment` (`AllotmentID`,`Forest`,`RangerDistrict`,`PlotSize`,`PlotInterval`,`ReportID`) VALUES (117,"Boise ","C-2",0,3,9);
INSERT INTO `Allotment` (`AllotmentID`,`Forest`,`RangerDistrict`,`PlotSize`,`PlotInterval`,`ReportID`) VALUES (118," Payette ","R-9",0,2,1);
INSERT INTO `Allotment` (`AllotmentID`,`Forest`,`RangerDistrict`,`PlotSize`,`PlotInterval`,`ReportID`) VALUES (119," Payette ","K-8",1,3,3);

INSERT INTO `Reports` (`ReportID`,`AllotmentID`,`WriteupNo`,`PhotoNo`,`Examiner`,`TransectNo`,`Slope`,`Aspect`,`ElevationMIN`,`ElevationMAX`,`Location`,`Livestock`,`TypeDesignation`,`TypeDesTrend`,`Date`,`AvgProdDryWtD`,`AvgDesirabilityI`,`AvgDesirabilityL`,`DandI`,`PercDesirable`,`PercIntermediate`,`PercLeastDesir`,`CondRating`,`CompRating`,`ProdRating`,`ForCondRating`,`GroundCvrIndex`,`ErosionIndex`,`SoilRating`,`Condition`,`Trend`) VALUES (1,5,"G-7","NBV-6-701","H Hess","7-8, 1-5, 8-4",64,"F-W-V",2,9,"Bonnyrigg","sheep ","G-8","B-4","030919",10,5,6,5,7,8,4,6,8,7,2,2,6,9," bad ","R");
INSERT INTO `Reports` (`ReportID`,`AllotmentID`,`WriteupNo`,`PhotoNo`,`Examiner`,`TransectNo`,`Slope`,`Aspect`,`ElevationMIN`,`ElevationMAX`,`Location`,`Livestock`,`TypeDesignation`,`TypeDesTrend`,`Date`,`AvgProdDryWtD`,`AvgDesirabilityI`,`AvgDesirabilityL`,`DandI`,`PercDesirable`,`PercIntermediate`,`PercLeastDesir`,`CondRating`,`CompRating`,`ProdRating`,`ForCondRating`,`GroundCvrIndex`,`ErosionIndex`,`SoilRating`,`Condition`,`Trend`) VALUES (2,5,"G-5","GRD-5-669","U Meadows","8-7, 7-4, 2-1",35,"G-O-H",7,2,"Dro","sheep ","C-1","M-9","052720",4,9,4,4,10,4,2,7,10,3,9,5,5,3," okay","U");
INSERT INTO `Reports` (`ReportID`,`AllotmentID`,`WriteupNo`,`PhotoNo`,`Examiner`,`TransectNo`,`Slope`,`Aspect`,`ElevationMIN`,`ElevationMAX`,`Location`,`Livestock`,`TypeDesignation`,`TypeDesTrend`,`Date`,`AvgProdDryWtD`,`AvgDesirabilityI`,`AvgDesirabilityL`,`DandI`,`PercDesirable`,`PercIntermediate`,`PercLeastDesir`,`CondRating`,`CompRating`,`ProdRating`,`ForCondRating`,`GroundCvrIndex`,`ErosionIndex`,`SoilRating`,`Condition`,`Trend`) VALUES (3,4,"I-9","TOV-6-039","K Francis","8-2, 9-3, 6-2",30,"M-G-T",1,8,"Giurdignano"," cattle","W-1","Q-8","121719",3,7,1,8,9,7,7,2,3,7,4,8,10,7," okay","M");
INSERT INTO `Reports` (`ReportID`,`AllotmentID`,`WriteupNo`,`PhotoNo`,`Examiner`,`TransectNo`,`Slope`,`Aspect`,`ElevationMIN`,`ElevationMAX`,`Location`,`Livestock`,`TypeDesignation`,`TypeDesTrend`,`Date`,`AvgProdDryWtD`,`AvgDesirabilityI`,`AvgDesirabilityL`,`DandI`,`PercDesirable`,`PercIntermediate`,`PercLeastDesir`,`CondRating`,`CompRating`,`ProdRating`,`ForCondRating`,`GroundCvrIndex`,`ErosionIndex`,`SoilRating`,`Condition`,`Trend`) VALUES (4,6,"B-5","FSS-2-730","Y Moore","1-7, 6-1, 3-5",91,"K-C-R",9,7,"Mobile"," cattle","M-1","H-8","101218",8,2,2,1,6,2,4,10,10,9,9,10,1,6," okay","P");
INSERT INTO `Reports` (`ReportID`,`AllotmentID`,`WriteupNo`,`PhotoNo`,`Examiner`,`TransectNo`,`Slope`,`Aspect`,`ElevationMIN`,`ElevationMAX`,`Location`,`Livestock`,`TypeDesignation`,`TypeDesTrend`,`Date`,`AvgProdDryWtD`,`AvgDesirabilityI`,`AvgDesirabilityL`,`DandI`,`PercDesirable`,`PercIntermediate`,`PercLeastDesir`,`CondRating`,`CompRating`,`ProdRating`,`ForCondRating`,`GroundCvrIndex`,`ErosionIndex`,`SoilRating`,`Condition`,`Trend`) VALUES (5,8,"O-8","UWH-2-181","G Knight","6-2, 8-0, 8-9",79,"Z-I-B",1,1,"Alnwick","sheep ","P-2","F-6","011120",4,3,6,10,3,7,5,10,10,8,7,10,3,7," okay","G");
INSERT INTO `Reports` (`ReportID`,`AllotmentID`,`WriteupNo`,`PhotoNo`,`Examiner`,`TransectNo`,`Slope`,`Aspect`,`ElevationMIN`,`ElevationMAX`,`Location`,`Livestock`,`TypeDesignation`,`TypeDesTrend`,`Date`,`AvgProdDryWtD`,`AvgDesirabilityI`,`AvgDesirabilityL`,`DandI`,`PercDesirable`,`PercIntermediate`,`PercLeastDesir`,`CondRating`,`CompRating`,`ProdRating`,`ForCondRating`,`GroundCvrIndex`,`ErosionIndex`,`SoilRating`,`Condition`,`Trend`) VALUES (6,2,"T-2","OCL-2-703","G Fulton","1-8, 2-9, 2-5",21,"W-I-E",10,4,"Juneau","sheep ","R-3","F-6","011019",4,4,1,3,10,7,1,3,9,10,10,9,7,5," okay","S");
INSERT INTO `Reports` (`ReportID`,`AllotmentID`,`WriteupNo`,`PhotoNo`,`Examiner`,`TransectNo`,`Slope`,`Aspect`,`ElevationMIN`,`ElevationMAX`,`Location`,`Livestock`,`TypeDesignation`,`TypeDesTrend`,`Date`,`AvgProdDryWtD`,`AvgDesirabilityI`,`AvgDesirabilityL`,`DandI`,`PercDesirable`,`PercIntermediate`,`PercLeastDesir`,`CondRating`,`CompRating`,`ProdRating`,`ForCondRating`,`GroundCvrIndex`,`ErosionIndex`,`SoilRating`,`Condition`,`Trend`) VALUES (7,7,"T-3","SSH-8-908","V Buchanan","0-1, 9-9, 5-0",10,"O-K-N",2,1,"Trois-Rivières","sheep ","V-7","I-1","061719",4,3,1,9,1,1,4,10,10,1,9,2,10,8,"good ","K");
INSERT INTO `Reports` (`ReportID`,`AllotmentID`,`WriteupNo`,`PhotoNo`,`Examiner`,`TransectNo`,`Slope`,`Aspect`,`ElevationMIN`,`ElevationMAX`,`Location`,`Livestock`,`TypeDesignation`,`TypeDesTrend`,`Date`,`AvgProdDryWtD`,`AvgDesirabilityI`,`AvgDesirabilityL`,`DandI`,`PercDesirable`,`PercIntermediate`,`PercLeastDesir`,`CondRating`,`CompRating`,`ProdRating`,`ForCondRating`,`GroundCvrIndex`,`ErosionIndex`,`SoilRating`,`Condition`,`Trend`) VALUES (8,6,"E-5","TJQ-8-108","W Guthrie","0-0, 8-5, 2-9",70,"J-U-L",4,7,"Pescantina","sheep ","J-4","V-5","071119",10,3,8,7,5,8,2,7,4,2,3,2,9,9," okay","G");
INSERT INTO `Reports` (`ReportID`,`AllotmentID`,`WriteupNo`,`PhotoNo`,`Examiner`,`TransectNo`,`Slope`,`Aspect`,`ElevationMIN`,`ElevationMAX`,`Location`,`Livestock`,`TypeDesignation`,`TypeDesTrend`,`Date`,`AvgProdDryWtD`,`AvgDesirabilityI`,`AvgDesirabilityL`,`DandI`,`PercDesirable`,`PercIntermediate`,`PercLeastDesir`,`CondRating`,`CompRating`,`ProdRating`,`ForCondRating`,`GroundCvrIndex`,`ErosionIndex`,`SoilRating`,`Condition`,`Trend`) VALUES (9,9,"X-9","CGL-5-523","G Cohen","8-1, 6-4, 4-5",96,"R-U-K",1,8,"Maullín"," cattle","M-4","R-8","010820",10,5,3,8,8,7,5,10,10,1,8,4,3,7," bad ","X");
INSERT INTO `Reports` (`ReportID`,`AllotmentID`,`WriteupNo`,`PhotoNo`,`Examiner`,`TransectNo`,`Slope`,`Aspect`,`ElevationMIN`,`ElevationMAX`,`Location`,`Livestock`,`TypeDesignation`,`TypeDesTrend`,`Date`,`AvgProdDryWtD`,`AvgDesirabilityI`,`AvgDesirabilityL`,`DandI`,`PercDesirable`,`PercIntermediate`,`PercLeastDesir`,`CondRating`,`CompRating`,`ProdRating`,`ForCondRating`,`GroundCvrIndex`,`ErosionIndex`,`SoilRating`,`Condition`,`Trend`) VALUES (10,2,"E-5","EUU-1-227","Y Fitzpatrick","7-1, 1-2, 0-6",88,"R-H-P",6,7,"Minneapolis"," cattle","B-8","J-1","101618",5,4,10,10,2,1,7,2,7,4,9,8,6,10," bad ","T");
INSERT INTO `Reports` (`ReportID`,`AllotmentID`,`WriteupNo`,`PhotoNo`,`Examiner`,`TransectNo`,`Slope`,`Aspect`,`ElevationMIN`,`ElevationMAX`,`Location`,`Livestock`,`TypeDesignation`,`TypeDesTrend`,`Date`,`AvgProdDryWtD`,`AvgDesirabilityI`,`AvgDesirabilityL`,`DandI`,`PercDesirable`,`PercIntermediate`,`PercLeastDesir`,`CondRating`,`CompRating`,`ProdRating`,`ForCondRating`,`GroundCvrIndex`,`ErosionIndex`,`SoilRating`,`Condition`,`Trend`) VALUES (11,6,"R-1","CFK-3-022","T Sanders","1-3, 7-6, 3-2",3,"J-P-X",5,4,"Barrackpur"," cattle","T-8","R-7","121818",1,5,7,10,8,3,10,4,2,7,5,4,10,3," okay","I");
INSERT INTO `Reports` (`ReportID`,`AllotmentID`,`WriteupNo`,`PhotoNo`,`Examiner`,`TransectNo`,`Slope`,`Aspect`,`ElevationMIN`,`ElevationMAX`,`Location`,`Livestock`,`TypeDesignation`,`TypeDesTrend`,`Date`,`AvgProdDryWtD`,`AvgDesirabilityI`,`AvgDesirabilityL`,`DandI`,`PercDesirable`,`PercIntermediate`,`PercLeastDesir`,`CondRating`,`CompRating`,`ProdRating`,`ForCondRating`,`GroundCvrIndex`,`ErosionIndex`,`SoilRating`,`Condition`,`Trend`) VALUES (12,2,"A-7","TNL-3-826","V Baxter","9-8, 8-8, 2-9",74,"P-G-J",10,4,"Verrayes"," cattle","Y-3","N-1","101818",3,9,2,10,10,8,1,5,6,7,4,9,5,5," bad ","M");
INSERT INTO `Reports` (`ReportID`,`AllotmentID`,`WriteupNo`,`PhotoNo`,`Examiner`,`TransectNo`,`Slope`,`Aspect`,`ElevationMIN`,`ElevationMAX`,`Location`,`Livestock`,`TypeDesignation`,`TypeDesTrend`,`Date`,`AvgProdDryWtD`,`AvgDesirabilityI`,`AvgDesirabilityL`,`DandI`,`PercDesirable`,`PercIntermediate`,`PercLeastDesir`,`CondRating`,`CompRating`,`ProdRating`,`ForCondRating`,`GroundCvrIndex`,`ErosionIndex`,`SoilRating`,`Condition`,`Trend`) VALUES (13,5,"F-8","INX-2-151","S Beach","8-4, 2-9, 4-0",2,"F-H-Y",2,1,"Sankt Wendel","sheep ","U-8","I-9","061420",2,3,5,5,1,5,7,1,3,8,3,10,9,3,"good ","S");
INSERT INTO `Reports` (`ReportID`,`AllotmentID`,`WriteupNo`,`PhotoNo`,`Examiner`,`TransectNo`,`Slope`,`Aspect`,`ElevationMIN`,`ElevationMAX`,`Location`,`Livestock`,`TypeDesignation`,`TypeDesTrend`,`Date`,`AvgProdDryWtD`,`AvgDesirabilityI`,`AvgDesirabilityL`,`DandI`,`PercDesirable`,`PercIntermediate`,`PercLeastDesir`,`CondRating`,`CompRating`,`ProdRating`,`ForCondRating`,`GroundCvrIndex`,`ErosionIndex`,`SoilRating`,`Condition`,`Trend`) VALUES (14,2,"T-5","RIG-5-607","L Berry","7-9, 9-3, 0-1",28,"H-R-D",8,9,"Constitución","sheep ","L-9","W-2","053119",3,5,2,1,3,6,1,9,6,2,6,6,5,5," okay","V");
INSERT INTO `Reports` (`ReportID`,`AllotmentID`,`WriteupNo`,`PhotoNo`,`Examiner`,`TransectNo`,`Slope`,`Aspect`,`ElevationMIN`,`ElevationMAX`,`Location`,`Livestock`,`TypeDesignation`,`TypeDesTrend`,`Date`,`AvgProdDryWtD`,`AvgDesirabilityI`,`AvgDesirabilityL`,`DandI`,`PercDesirable`,`PercIntermediate`,`PercLeastDesir`,`CondRating`,`CompRating`,`ProdRating`,`ForCondRating`,`GroundCvrIndex`,`ErosionIndex`,`SoilRating`,`Condition`,`Trend`) VALUES (15,1,"D-2","MUU-0-019","B Farmer","5-8, 6-8, 0-7",38,"T-Y-Y",4,7,"Eisden","sheep ","S-3","P-8","051919",5,3,1,10,9,7,4,10,3,5,6,2,6,2," bad ","Q");
INSERT INTO `Reports` (`ReportID`,`AllotmentID`,`WriteupNo`,`PhotoNo`,`Examiner`,`TransectNo`,`Slope`,`Aspect`,`ElevationMIN`,`ElevationMAX`,`Location`,`Livestock`,`TypeDesignation`,`TypeDesTrend`,`Date`,`AvgProdDryWtD`,`AvgDesirabilityI`,`AvgDesirabilityL`,`DandI`,`PercDesirable`,`PercIntermediate`,`PercLeastDesir`,`CondRating`,`CompRating`,`ProdRating`,`ForCondRating`,`GroundCvrIndex`,`ErosionIndex`,`SoilRating`,`Condition`,`Trend`) VALUES (16,5,"I-3","DOZ-5-054","B Ramos","9-7, 7-4, 7-2",96,"H-N-D",6,2,"Dreieich","sheep ","E-7","K-9","082319",10,10,9,9,6,3,6,3,5,3,1,5,2,7,"good ","K");
INSERT INTO `Reports` (`ReportID`,`AllotmentID`,`WriteupNo`,`PhotoNo`,`Examiner`,`TransectNo`,`Slope`,`Aspect`,`ElevationMIN`,`ElevationMAX`,`Location`,`Livestock`,`TypeDesignation`,`TypeDesTrend`,`Date`,`AvgProdDryWtD`,`AvgDesirabilityI`,`AvgDesirabilityL`,`DandI`,`PercDesirable`,`PercIntermediate`,`PercLeastDesir`,`CondRating`,`CompRating`,`ProdRating`,`ForCondRating`,`GroundCvrIndex`,`ErosionIndex`,`SoilRating`,`Condition`,`Trend`) VALUES (17,8,"L-9","YSZ-8-065","F Burt","8-3, 3-5, 1-2",15,"L-G-D",7,8,"Daly"," cattle","O-9","E-6","091919",1,6,10,7,4,4,9,2,7,8,8,7,8,2," okay","A");
INSERT INTO `Reports` (`ReportID`,`AllotmentID`,`WriteupNo`,`PhotoNo`,`Examiner`,`TransectNo`,`Slope`,`Aspect`,`ElevationMIN`,`ElevationMAX`,`Location`,`Livestock`,`TypeDesignation`,`TypeDesTrend`,`Date`,`AvgProdDryWtD`,`AvgDesirabilityI`,`AvgDesirabilityL`,`DandI`,`PercDesirable`,`PercIntermediate`,`PercLeastDesir`,`CondRating`,`CompRating`,`ProdRating`,`ForCondRating`,`GroundCvrIndex`,`ErosionIndex`,`SoilRating`,`Condition`,`Trend`) VALUES (18,6,"K-8","XTW-3-738","K Little","7-4, 0-2, 8-9",39,"H-D-S",8,4,"Forchtenstein"," cattle","F-2","M-5","101919",4,6,8,1,8,2,6,4,9,4,6,5,5,10,"good ","S");
INSERT INTO `Reports` (`ReportID`,`AllotmentID`,`WriteupNo`,`PhotoNo`,`Examiner`,`TransectNo`,`Slope`,`Aspect`,`ElevationMIN`,`ElevationMAX`,`Location`,`Livestock`,`TypeDesignation`,`TypeDesTrend`,`Date`,`AvgProdDryWtD`,`AvgDesirabilityI`,`AvgDesirabilityL`,`DandI`,`PercDesirable`,`PercIntermediate`,`PercLeastDesir`,`CondRating`,`CompRating`,`ProdRating`,`ForCondRating`,`GroundCvrIndex`,`ErosionIndex`,`SoilRating`,`Condition`,`Trend`) VALUES (19,6,"M-1","SOB-9-727","S Snyder","3-5, 8-8, 7-1",74,"C-R-L",4,8,"Terragnolo"," cattle","S-5","Z-4","122718",8,2,9,2,8,9,9,7,9,7,3,10,5,3," okay","T");
INSERT INTO `Reports` (`ReportID`,`AllotmentID`,`WriteupNo`,`PhotoNo`,`Examiner`,`TransectNo`,`Slope`,`Aspect`,`ElevationMIN`,`ElevationMAX`,`Location`,`Livestock`,`TypeDesignation`,`TypeDesTrend`,`Date`,`AvgProdDryWtD`,`AvgDesirabilityI`,`AvgDesirabilityL`,`DandI`,`PercDesirable`,`PercIntermediate`,`PercLeastDesir`,`CondRating`,`CompRating`,`ProdRating`,`ForCondRating`,`GroundCvrIndex`,`ErosionIndex`,`SoilRating`,`Condition`,`Trend`) VALUES (20,1,"Z-8","WMD-0-762","C Jordan","0-0, 5-2, 1-4",46,"P-G-M",3,8,"North Saanich","sheep ","B-9","V-8","052820",10,4,1,3,9,4,9,2,9,2,8,9,8,7,"good ","N");

INSERT INTO `Transects` (`TransectID`,`ReportID`,`TransectNO`,`Location`,`Elevation`,`Slope`,`TypeDesignation`,`Aspect`,`PercDesirable`,`PercIntermediate`,`PercLeastDesir`,`CondRating`,`CompRating`,`ProdRating`,`ForCondRating`,`GroundCvrIndex`,`ErosionIndex`,`SoilRating`,`Condition`,`Trend`) VALUES (1,17,19,"Ajmer",10,2,"B-4","T-Z-X",8,6,10,8,5,7,3,5,4,3,"good ","H");
INSERT INTO `Transects` (`TransectID`,`ReportID`,`TransectNO`,`Location`,`Elevation`,`Slope`,`TypeDesignation`,`Aspect`,`PercDesirable`,`PercIntermediate`,`PercLeastDesir`,`CondRating`,`CompRating`,`ProdRating`,`ForCondRating`,`GroundCvrIndex`,`ErosionIndex`,`SoilRating`,`Condition`,`Trend`) VALUES (2,11,9,"Quispamsis",1,8,"B-2","H-I-W",3,1,3,5,7,6,2,6,3,8," okay","J");
INSERT INTO `Transects` (`TransectID`,`ReportID`,`TransectNO`,`Location`,`Elevation`,`Slope`,`TypeDesignation`,`Aspect`,`PercDesirable`,`PercIntermediate`,`PercLeastDesir`,`CondRating`,`CompRating`,`ProdRating`,`ForCondRating`,`GroundCvrIndex`,`ErosionIndex`,`SoilRating`,`Condition`,`Trend`) VALUES (3,9,20,"Velden am Wörther See",5,6,"A-7","I-S-X",7,3,8,1,9,5,9,6,9,5,"good ","Z");
INSERT INTO `Transects` (`TransectID`,`ReportID`,`TransectNO`,`Location`,`Elevation`,`Slope`,`TypeDesignation`,`Aspect`,`PercDesirable`,`PercIntermediate`,`PercLeastDesir`,`CondRating`,`CompRating`,`ProdRating`,`ForCondRating`,`GroundCvrIndex`,`ErosionIndex`,`SoilRating`,`Condition`,`Trend`) VALUES (4,9,19,"Narcao",10,5,"S-3","E-E-J",6,3,4,4,8,7,10,6,8,5," bad ","I");
INSERT INTO `Transects` (`TransectID`,`ReportID`,`TransectNO`,`Location`,`Elevation`,`Slope`,`TypeDesignation`,`Aspect`,`PercDesirable`,`PercIntermediate`,`PercLeastDesir`,`CondRating`,`CompRating`,`ProdRating`,`ForCondRating`,`GroundCvrIndex`,`ErosionIndex`,`SoilRating`,`Condition`,`Trend`) VALUES (5,4,12,"La Valle/Wengen",7,7,"V-8","N-X-S",7,5,6,1,5,2,4,3,3,4,"good ","N");
INSERT INTO `Transects` (`TransectID`,`ReportID`,`TransectNO`,`Location`,`Elevation`,`Slope`,`TypeDesignation`,`Aspect`,`PercDesirable`,`PercIntermediate`,`PercLeastDesir`,`CondRating`,`CompRating`,`ProdRating`,`ForCondRating`,`GroundCvrIndex`,`ErosionIndex`,`SoilRating`,`Condition`,`Trend`) VALUES (6,10,6,"Kettering",10,5,"X-6","N-O-T",2,1,4,4,6,4,6,4,4,10," bad ","E");
INSERT INTO `Transects` (`TransectID`,`ReportID`,`TransectNO`,`Location`,`Elevation`,`Slope`,`TypeDesignation`,`Aspect`,`PercDesirable`,`PercIntermediate`,`PercLeastDesir`,`CondRating`,`CompRating`,`ProdRating`,`ForCondRating`,`GroundCvrIndex`,`ErosionIndex`,`SoilRating`,`Condition`,`Trend`) VALUES (7,7,1,"Meeffe",10,6,"G-1","Q-F-V",4,3,1,7,5,4,7,2,5,5," bad ","O");
INSERT INTO `Transects` (`TransectID`,`ReportID`,`TransectNO`,`Location`,`Elevation`,`Slope`,`TypeDesignation`,`Aspect`,`PercDesirable`,`PercIntermediate`,`PercLeastDesir`,`CondRating`,`CompRating`,`ProdRating`,`ForCondRating`,`GroundCvrIndex`,`ErosionIndex`,`SoilRating`,`Condition`,`Trend`) VALUES (8,18,15,"Padre las Casas",4,4,"X-1","D-R-E",4,8,1,7,4,6,8,1,3,8," bad ","N");
INSERT INTO `Transects` (`TransectID`,`ReportID`,`TransectNO`,`Location`,`Elevation`,`Slope`,`TypeDesignation`,`Aspect`,`PercDesirable`,`PercIntermediate`,`PercLeastDesir`,`CondRating`,`CompRating`,`ProdRating`,`ForCondRating`,`GroundCvrIndex`,`ErosionIndex`,`SoilRating`,`Condition`,`Trend`) VALUES (9,19,5,"Serampore",1,5,"R-7","S-E-R",4,8,8,1,3,3,1,7,10,8,"good ","M");
INSERT INTO `Transects` (`TransectID`,`ReportID`,`TransectNO`,`Location`,`Elevation`,`Slope`,`TypeDesignation`,`Aspect`,`PercDesirable`,`PercIntermediate`,`PercLeastDesir`,`CondRating`,`CompRating`,`ProdRating`,`ForCondRating`,`GroundCvrIndex`,`ErosionIndex`,`SoilRating`,`Condition`,`Trend`) VALUES (10,9,3,"St. Albert",8,8,"U-4","I-Z-B",5,6,3,8,1,3,1,1,1,7,"good ","Y");
INSERT INTO `Transects` (`TransectID`,`ReportID`,`TransectNO`,`Location`,`Elevation`,`Slope`,`TypeDesignation`,`Aspect`,`PercDesirable`,`PercIntermediate`,`PercLeastDesir`,`CondRating`,`CompRating`,`ProdRating`,`ForCondRating`,`GroundCvrIndex`,`ErosionIndex`,`SoilRating`,`Condition`,`Trend`) VALUES (11,14,4,"Villers-Perwin",2,4,"H-5","E-E-Y",7,8,8,10,6,5,2,4,10,3,"good ","D");
INSERT INTO `Transects` (`TransectID`,`ReportID`,`TransectNO`,`Location`,`Elevation`,`Slope`,`TypeDesignation`,`Aspect`,`PercDesirable`,`PercIntermediate`,`PercLeastDesir`,`CondRating`,`CompRating`,`ProdRating`,`ForCondRating`,`GroundCvrIndex`,`ErosionIndex`,`SoilRating`,`Condition`,`Trend`) VALUES (12,12,16,"Rio Verde",4,4,"Q-7","G-O-B",4,9,4,4,3,4,3,8,2,1," okay","T");
INSERT INTO `Transects` (`TransectID`,`ReportID`,`TransectNO`,`Location`,`Elevation`,`Slope`,`TypeDesignation`,`Aspect`,`PercDesirable`,`PercIntermediate`,`PercLeastDesir`,`CondRating`,`CompRating`,`ProdRating`,`ForCondRating`,`GroundCvrIndex`,`ErosionIndex`,`SoilRating`,`Condition`,`Trend`) VALUES (13,1,13,"Meerle",4,1,"G-3","C-C-T",9,6,3,6,8,4,6,1,8,5," bad ","Z");
INSERT INTO `Transects` (`TransectID`,`ReportID`,`TransectNO`,`Location`,`Elevation`,`Slope`,`TypeDesignation`,`Aspect`,`PercDesirable`,`PercIntermediate`,`PercLeastDesir`,`CondRating`,`CompRating`,`ProdRating`,`ForCondRating`,`GroundCvrIndex`,`ErosionIndex`,`SoilRating`,`Condition`,`Trend`) VALUES (14,5,16,"Tampa",4,8,"S-2","Y-N-M",9,3,9,9,4,5,6,5,1,6," bad ","W");
INSERT INTO `Transects` (`TransectID`,`ReportID`,`TransectNO`,`Location`,`Elevation`,`Slope`,`TypeDesignation`,`Aspect`,`PercDesirable`,`PercIntermediate`,`PercLeastDesir`,`CondRating`,`CompRating`,`ProdRating`,`ForCondRating`,`GroundCvrIndex`,`ErosionIndex`,`SoilRating`,`Condition`,`Trend`) VALUES (15,4,9,"Santa Cruz",6,7,"N-5","H-G-E",5,7,8,4,10,1,1,5,9,10," bad ","K");
INSERT INTO `Transects` (`TransectID`,`ReportID`,`TransectNO`,`Location`,`Elevation`,`Slope`,`TypeDesignation`,`Aspect`,`PercDesirable`,`PercIntermediate`,`PercLeastDesir`,`CondRating`,`CompRating`,`ProdRating`,`ForCondRating`,`GroundCvrIndex`,`ErosionIndex`,`SoilRating`,`Condition`,`Trend`) VALUES (16,4,6,"Castelmezzano",8,9,"S-1","W-A-U",10,2,3,8,5,4,6,10,9,9,"good ","F");
INSERT INTO `Transects` (`TransectID`,`ReportID`,`TransectNO`,`Location`,`Elevation`,`Slope`,`TypeDesignation`,`Aspect`,`PercDesirable`,`PercIntermediate`,`PercLeastDesir`,`CondRating`,`CompRating`,`ProdRating`,`ForCondRating`,`GroundCvrIndex`,`ErosionIndex`,`SoilRating`,`Condition`,`Trend`) VALUES (17,6,9,"Bossuit",4,3,"C-5","U-L-I",10,2,7,6,6,2,5,9,8,9," okay","V");
INSERT INTO `Transects` (`TransectID`,`ReportID`,`TransectNO`,`Location`,`Elevation`,`Slope`,`TypeDesignation`,`Aspect`,`PercDesirable`,`PercIntermediate`,`PercLeastDesir`,`CondRating`,`CompRating`,`ProdRating`,`ForCondRating`,`GroundCvrIndex`,`ErosionIndex`,`SoilRating`,`Condition`,`Trend`) VALUES (18,19,14,"Mal",4,6,"D-8","P-T-L",10,3,3,5,8,1,1,1,2,6,"good ","X");
INSERT INTO `Transects` (`TransectID`,`ReportID`,`TransectNO`,`Location`,`Elevation`,`Slope`,`TypeDesignation`,`Aspect`,`PercDesirable`,`PercIntermediate`,`PercLeastDesir`,`CondRating`,`CompRating`,`ProdRating`,`ForCondRating`,`GroundCvrIndex`,`ErosionIndex`,`SoilRating`,`Condition`,`Trend`) VALUES (19,11,4,"Armadale",9,6,"V-2","Y-T-Y",10,7,7,3,9,4,4,10,4,8," bad ","Y");
INSERT INTO `Transects` (`TransectID`,`ReportID`,`TransectNO`,`Location`,`Elevation`,`Slope`,`TypeDesignation`,`Aspect`,`PercDesirable`,`PercIntermediate`,`PercLeastDesir`,`CondRating`,`CompRating`,`ProdRating`,`ForCondRating`,`GroundCvrIndex`,`ErosionIndex`,`SoilRating`,`Condition`,`Trend`) VALUES (20,5,10,"Ramara",6,10,"B-4","G-Y-A",4,8,6,3,3,2,4,1,8,8," okay","J");

INSERT INTO `Soil` (`ReportID`,`SurfaceTexture`,`SurfTextThickness`,`SurfTextPH`,`SubsoilTexture`,`SubTextThickness`,`SubTextPH`,`SubstratumMat`,`EffRootingDepth`,`GeneralRemarks`,`AvgSurfaceLoss`,`LossOverArea`,`GulliesTotalL`,`GulliesTotalD`,`ErosionRemarks`,`Detachability`,`RockCoverage`,`AdjDetachability`,`Permeability`,`ErodIndex`,`ErodIndexClass`,`Slope`,`ErosHazClass`,`Coompaction`,`Displacement`,`CoverDispersion`,`PotentialProduct`,`SuitReasons`) VALUES (4,"eu arcu. Morbi",3,1,"vitae",6,3,"sapien,","at","egestas.",4,1,4,10,"dui",10,2,6,7,8,"erat",1,"nec","aliquet.","Maecenas","convallis,",10,"Curabitur");
INSERT INTO `Soil` (`ReportID`,`SurfaceTexture`,`SurfTextThickness`,`SurfTextPH`,`SubsoilTexture`,`SubTextThickness`,`SubTextPH`,`SubstratumMat`,`EffRootingDepth`,`GeneralRemarks`,`AvgSurfaceLoss`,`LossOverArea`,`GulliesTotalL`,`GulliesTotalD`,`ErosionRemarks`,`Detachability`,`RockCoverage`,`AdjDetachability`,`Permeability`,`ErodIndex`,`ErodIndexClass`,`Slope`,`ErosHazClass`,`Coompaction`,`Displacement`,`CoverDispersion`,`PotentialProduct`,`SuitReasons`) VALUES (19,"mi felis,",6,10,"sapien",10,5,"adipiscing,","dolor","sed",6,1,10,3,"Quisque",6,9,1,1,6,"Maecenas",5,"sed","euismod","Vivamus","tristique",6,"arcu.");
INSERT INTO `Soil` (`ReportID`,`SurfaceTexture`,`SurfTextThickness`,`SurfTextPH`,`SubsoilTexture`,`SubTextThickness`,`SubTextPH`,`SubstratumMat`,`EffRootingDepth`,`GeneralRemarks`,`AvgSurfaceLoss`,`LossOverArea`,`GulliesTotalL`,`GulliesTotalD`,`ErosionRemarks`,`Detachability`,`RockCoverage`,`AdjDetachability`,`Permeability`,`ErodIndex`,`ErodIndexClass`,`Slope`,`ErosHazClass`,`Coompaction`,`Displacement`,`CoverDispersion`,`PotentialProduct`,`SuitReasons`) VALUES (2,"Sed dictum. Proin",7,10,"scelerisque,",6,5,"inceptos","massa","rutrum",8,3,10,6,"nibh",2,9,4,1,6,"libero",3,"eu","at","eget","pharetra",9,"nec,");
INSERT INTO `Soil` (`ReportID`,`SurfaceTexture`,`SurfTextThickness`,`SurfTextPH`,`SubsoilTexture`,`SubTextThickness`,`SubTextPH`,`SubstratumMat`,`EffRootingDepth`,`GeneralRemarks`,`AvgSurfaceLoss`,`LossOverArea`,`GulliesTotalL`,`GulliesTotalD`,`ErosionRemarks`,`Detachability`,`RockCoverage`,`AdjDetachability`,`Permeability`,`ErodIndex`,`ErodIndexClass`,`Slope`,`ErosHazClass`,`Coompaction`,`Displacement`,`CoverDispersion`,`PotentialProduct`,`SuitReasons`) VALUES (17,"semper egestas, urna",4,9,"ornare,",5,8,"Fusce","parturient","Nunc",10,9,9,10,"eu",5,10,5,5,8,"Nulla",4,"Donec","nec,","nulla","fermentum",8,"arcu.");
INSERT INTO `Soil` (`ReportID`,`SurfaceTexture`,`SurfTextThickness`,`SurfTextPH`,`SubsoilTexture`,`SubTextThickness`,`SubTextPH`,`SubstratumMat`,`EffRootingDepth`,`GeneralRemarks`,`AvgSurfaceLoss`,`LossOverArea`,`GulliesTotalL`,`GulliesTotalD`,`ErosionRemarks`,`Detachability`,`RockCoverage`,`AdjDetachability`,`Permeability`,`ErodIndex`,`ErodIndexClass`,`Slope`,`ErosHazClass`,`Coompaction`,`Displacement`,`CoverDispersion`,`PotentialProduct`,`SuitReasons`) VALUES (15,"erat vel",4,9,"Donec",4,7,"ornare,","Sed","dui.",2,4,9,8,"magna.",2,3,5,6,2,"erat,",4,"odio.","Nulla","nulla","ipsum",3,"Nullam");
INSERT INTO `Soil` (`ReportID`,`SurfaceTexture`,`SurfTextThickness`,`SurfTextPH`,`SubsoilTexture`,`SubTextThickness`,`SubTextPH`,`SubstratumMat`,`EffRootingDepth`,`GeneralRemarks`,`AvgSurfaceLoss`,`LossOverArea`,`GulliesTotalL`,`GulliesTotalD`,`ErosionRemarks`,`Detachability`,`RockCoverage`,`AdjDetachability`,`Permeability`,`ErodIndex`,`ErodIndexClass`,`Slope`,`ErosHazClass`,`Coompaction`,`Displacement`,`CoverDispersion`,`PotentialProduct`,`SuitReasons`) VALUES (17,"massa. Suspendisse",7,7,"neque",7,5,"dolor","neque","augue,",1,3,8,2,"tempus,",6,10,3,5,10,"lorem.",10,"adipiscing","et,","purus.","gravida",7,"diam");
INSERT INTO `Soil` (`ReportID`,`SurfaceTexture`,`SurfTextThickness`,`SurfTextPH`,`SubsoilTexture`,`SubTextThickness`,`SubTextPH`,`SubstratumMat`,`EffRootingDepth`,`GeneralRemarks`,`AvgSurfaceLoss`,`LossOverArea`,`GulliesTotalL`,`GulliesTotalD`,`ErosionRemarks`,`Detachability`,`RockCoverage`,`AdjDetachability`,`Permeability`,`ErodIndex`,`ErodIndexClass`,`Slope`,`ErosHazClass`,`Coompaction`,`Displacement`,`CoverDispersion`,`PotentialProduct`,`SuitReasons`) VALUES (14,"egestas.",5,4,"arcu",7,9,"rutrum","magna.","mi.",3,7,5,1,"Nunc",3,5,8,7,2,"elit,",10,"sed","Aenean","Pellentesque","interdum.",4,"consectetuer");
INSERT INTO `Soil` (`ReportID`,`SurfaceTexture`,`SurfTextThickness`,`SurfTextPH`,`SubsoilTexture`,`SubTextThickness`,`SubTextPH`,`SubstratumMat`,`EffRootingDepth`,`GeneralRemarks`,`AvgSurfaceLoss`,`LossOverArea`,`GulliesTotalL`,`GulliesTotalD`,`ErosionRemarks`,`Detachability`,`RockCoverage`,`AdjDetachability`,`Permeability`,`ErodIndex`,`ErodIndexClass`,`Slope`,`ErosHazClass`,`Coompaction`,`Displacement`,`CoverDispersion`,`PotentialProduct`,`SuitReasons`) VALUES (17,"est, congue a,",4,9,"Pellentesque",6,1,"ipsum.","Phasellus","urna",10,9,7,4,"lorem,",5,4,8,1,5,"amet,",1,"gravida","arcu.","porttitor","dui.",7,"lectus.");
INSERT INTO `Soil` (`ReportID`,`SurfaceTexture`,`SurfTextThickness`,`SurfTextPH`,`SubsoilTexture`,`SubTextThickness`,`SubTextPH`,`SubstratumMat`,`EffRootingDepth`,`GeneralRemarks`,`AvgSurfaceLoss`,`LossOverArea`,`GulliesTotalL`,`GulliesTotalD`,`ErosionRemarks`,`Detachability`,`RockCoverage`,`AdjDetachability`,`Permeability`,`ErodIndex`,`ErodIndexClass`,`Slope`,`ErosHazClass`,`Coompaction`,`Displacement`,`CoverDispersion`,`PotentialProduct`,`SuitReasons`) VALUES (20,"molestie arcu.",6,8,"Nulla",6,5,"ac","lectus","Phasellus",1,6,4,1,"facilisis,",3,6,9,6,9,"ridiculus",3,"ut","magna","nibh.","Curabitur",3,"Duis");
INSERT INTO `Soil` (`ReportID`,`SurfaceTexture`,`SurfTextThickness`,`SurfTextPH`,`SubsoilTexture`,`SubTextThickness`,`SubTextPH`,`SubstratumMat`,`EffRootingDepth`,`GeneralRemarks`,`AvgSurfaceLoss`,`LossOverArea`,`GulliesTotalL`,`GulliesTotalD`,`ErosionRemarks`,`Detachability`,`RockCoverage`,`AdjDetachability`,`Permeability`,`ErodIndex`,`ErodIndexClass`,`Slope`,`ErosHazClass`,`Coompaction`,`Displacement`,`CoverDispersion`,`PotentialProduct`,`SuitReasons`) VALUES (10,"turpis non enim. Mauris",2,4,"Aenean",9,1,"elit.","Proin","dolor.",9,3,5,10,"eleifend",10,3,1,7,1,"Donec",1,"Sed","Integer","ut","parturient",10,"malesuada");
INSERT INTO `Soil` (`ReportID`,`SurfaceTexture`,`SurfTextThickness`,`SurfTextPH`,`SubsoilTexture`,`SubTextThickness`,`SubTextPH`,`SubstratumMat`,`EffRootingDepth`,`GeneralRemarks`,`AvgSurfaceLoss`,`LossOverArea`,`GulliesTotalL`,`GulliesTotalD`,`ErosionRemarks`,`Detachability`,`RockCoverage`,`AdjDetachability`,`Permeability`,`ErodIndex`,`ErodIndexClass`,`Slope`,`ErosHazClass`,`Coompaction`,`Displacement`,`CoverDispersion`,`PotentialProduct`,`SuitReasons`) VALUES (14,"ac libero nec",8,2,"iaculis,",1,6,"augue,","in,","amet,",8,4,8,2,"nunc",1,5,4,1,7,"mi",6,"per","elementum","a,","erat.",3,"Fusce");
INSERT INTO `Soil` (`ReportID`,`SurfaceTexture`,`SurfTextThickness`,`SurfTextPH`,`SubsoilTexture`,`SubTextThickness`,`SubTextPH`,`SubstratumMat`,`EffRootingDepth`,`GeneralRemarks`,`AvgSurfaceLoss`,`LossOverArea`,`GulliesTotalL`,`GulliesTotalD`,`ErosionRemarks`,`Detachability`,`RockCoverage`,`AdjDetachability`,`Permeability`,`ErodIndex`,`ErodIndexClass`,`Slope`,`ErosHazClass`,`Coompaction`,`Displacement`,`CoverDispersion`,`PotentialProduct`,`SuitReasons`) VALUES (8,"tortor",10,3,"diam.",6,7,"sit","est","Cum",8,5,9,10,"dolor",6,8,5,1,1,"Fusce",9,"elementum","ac","fringilla","sed",5,"Quisque");
INSERT INTO `Soil` (`ReportID`,`SurfaceTexture`,`SurfTextThickness`,`SurfTextPH`,`SubsoilTexture`,`SubTextThickness`,`SubTextPH`,`SubstratumMat`,`EffRootingDepth`,`GeneralRemarks`,`AvgSurfaceLoss`,`LossOverArea`,`GulliesTotalL`,`GulliesTotalD`,`ErosionRemarks`,`Detachability`,`RockCoverage`,`AdjDetachability`,`Permeability`,`ErodIndex`,`ErodIndexClass`,`Slope`,`ErosHazClass`,`Coompaction`,`Displacement`,`CoverDispersion`,`PotentialProduct`,`SuitReasons`) VALUES (19,"Donec est. Nunc ullamcorper, velit",3,10,"placerat,",10,1,"mi.","odio.","in,",3,6,3,3,"interdum.",3,8,8,3,3,"quam",8,"ut","lacinia","vel,","sit",2,"auctor.");
INSERT INTO `Soil` (`ReportID`,`SurfaceTexture`,`SurfTextThickness`,`SurfTextPH`,`SubsoilTexture`,`SubTextThickness`,`SubTextPH`,`SubstratumMat`,`EffRootingDepth`,`GeneralRemarks`,`AvgSurfaceLoss`,`LossOverArea`,`GulliesTotalL`,`GulliesTotalD`,`ErosionRemarks`,`Detachability`,`RockCoverage`,`AdjDetachability`,`Permeability`,`ErodIndex`,`ErodIndexClass`,`Slope`,`ErosHazClass`,`Coompaction`,`Displacement`,`CoverDispersion`,`PotentialProduct`,`SuitReasons`) VALUES (18,"ut",4,1,"Donec",8,6,"ullamcorper,","facilisi.","vel,",10,3,8,9,"lobortis",1,6,10,3,10,"est",2,"ornare","metus.","natoque","varius",9,"hendrerit.");
INSERT INTO `Soil` (`ReportID`,`SurfaceTexture`,`SurfTextThickness`,`SurfTextPH`,`SubsoilTexture`,`SubTextThickness`,`SubTextPH`,`SubstratumMat`,`EffRootingDepth`,`GeneralRemarks`,`AvgSurfaceLoss`,`LossOverArea`,`GulliesTotalL`,`GulliesTotalD`,`ErosionRemarks`,`Detachability`,`RockCoverage`,`AdjDetachability`,`Permeability`,`ErodIndex`,`ErodIndexClass`,`Slope`,`ErosHazClass`,`Coompaction`,`Displacement`,`CoverDispersion`,`PotentialProduct`,`SuitReasons`) VALUES (13,"Aliquam tincidunt,",7,3,"vitae",4,9,"neque.","sed","fringilla",1,3,1,4,"dignissim",2,8,5,6,10,"ultrices",7,"ligula","non","id,","ut",10,"Nam");
INSERT INTO `Soil` (`ReportID`,`SurfaceTexture`,`SurfTextThickness`,`SurfTextPH`,`SubsoilTexture`,`SubTextThickness`,`SubTextPH`,`SubstratumMat`,`EffRootingDepth`,`GeneralRemarks`,`AvgSurfaceLoss`,`LossOverArea`,`GulliesTotalL`,`GulliesTotalD`,`ErosionRemarks`,`Detachability`,`RockCoverage`,`AdjDetachability`,`Permeability`,`ErodIndex`,`ErodIndexClass`,`Slope`,`ErosHazClass`,`Coompaction`,`Displacement`,`CoverDispersion`,`PotentialProduct`,`SuitReasons`) VALUES (17,"ultricies",9,5,"rutrum,",4,6,"nisl.","id,","amet,",5,7,2,3,"Nullam",9,7,6,1,9,"eu",10,"ac","ligula.","vel","non",2,"luctus");
INSERT INTO `Soil` (`ReportID`,`SurfaceTexture`,`SurfTextThickness`,`SurfTextPH`,`SubsoilTexture`,`SubTextThickness`,`SubTextPH`,`SubstratumMat`,`EffRootingDepth`,`GeneralRemarks`,`AvgSurfaceLoss`,`LossOverArea`,`GulliesTotalL`,`GulliesTotalD`,`ErosionRemarks`,`Detachability`,`RockCoverage`,`AdjDetachability`,`Permeability`,`ErodIndex`,`ErodIndexClass`,`Slope`,`ErosHazClass`,`Coompaction`,`Displacement`,`CoverDispersion`,`PotentialProduct`,`SuitReasons`) VALUES (12,"fringilla euismod enim.",1,2,"mi",2,4,"mattis.","vitae","ut",5,3,5,9,"felis.",3,4,1,7,1,"nec",10,"quis,","aliquam","hendrerit","est",9,"mi");
INSERT INTO `Soil` (`ReportID`,`SurfaceTexture`,`SurfTextThickness`,`SurfTextPH`,`SubsoilTexture`,`SubTextThickness`,`SubTextPH`,`SubstratumMat`,`EffRootingDepth`,`GeneralRemarks`,`AvgSurfaceLoss`,`LossOverArea`,`GulliesTotalL`,`GulliesTotalD`,`ErosionRemarks`,`Detachability`,`RockCoverage`,`AdjDetachability`,`Permeability`,`ErodIndex`,`ErodIndexClass`,`Slope`,`ErosHazClass`,`Coompaction`,`Displacement`,`CoverDispersion`,`PotentialProduct`,`SuitReasons`) VALUES (15,"non, luctus sit",10,4,"augue",6,5,"elit.","Ut","est",3,1,9,2,"Cras",6,1,4,7,8,"pharetra",8,"fames","Ut","laoreet","orci.",3,"nunc");
INSERT INTO `Soil` (`ReportID`,`SurfaceTexture`,`SurfTextThickness`,`SurfTextPH`,`SubsoilTexture`,`SubTextThickness`,`SubTextPH`,`SubstratumMat`,`EffRootingDepth`,`GeneralRemarks`,`AvgSurfaceLoss`,`LossOverArea`,`GulliesTotalL`,`GulliesTotalD`,`ErosionRemarks`,`Detachability`,`RockCoverage`,`AdjDetachability`,`Permeability`,`ErodIndex`,`ErodIndexClass`,`Slope`,`ErosHazClass`,`Coompaction`,`Displacement`,`CoverDispersion`,`PotentialProduct`,`SuitReasons`) VALUES (19,"lacus. Quisque purus",6,9,"Curabitur",2,7,"non,","ultricies","semper",9,8,1,9,"nec,",9,4,7,5,7,"pharetra",4,"Donec","diam","volutpat","mauris",4,"scelerisque");
INSERT INTO `Soil` (`ReportID`,`SurfaceTexture`,`SurfTextThickness`,`SurfTextPH`,`SubsoilTexture`,`SubTextThickness`,`SubTextPH`,`SubstratumMat`,`EffRootingDepth`,`GeneralRemarks`,`AvgSurfaceLoss`,`LossOverArea`,`GulliesTotalL`,`GulliesTotalD`,`ErosionRemarks`,`Detachability`,`RockCoverage`,`AdjDetachability`,`Permeability`,`ErodIndex`,`ErodIndexClass`,`Slope`,`ErosHazClass`,`Coompaction`,`Displacement`,`CoverDispersion`,`PotentialProduct`,`SuitReasons`) VALUES (18,"Praesent interdum",1,8,"molestie.",7,6,"semper","urna.","ipsum",8,7,10,6,"at",5,9,3,4,4,"arcu.",2,"Aliquam","risus","vulputate,","nisi.",10,"ut,");

INSERT INTO `Vegetation` (`TransectID`,`Type`,`Species`,`Plot1`,`Plot2`,`Plot3`,`Plot4`,`Plot5`,`Plot6`,`Plot7`,`Plot8`,`Plot9`,`Plot10`,`GramsUsed`,`PercUtil`,`DryWeight`,`ProdDryWeight`,`PercComposition`,`DesirabilityD`,`DesirabilityI`,`DesirabilityL`) VALUES (8,"nibh","Sheep ",10,2,3,10,8,7,5,9,7,10,4,9,10,1,4,5,3,7);
INSERT INTO `Vegetation` (`TransectID`,`Type`,`Species`,`Plot1`,`Plot2`,`Plot3`,`Plot4`,`Plot5`,`Plot6`,`Plot7`,`Plot8`,`Plot9`,`Plot10`,`GramsUsed`,`PercUtil`,`DryWeight`,`ProdDryWeight`,`PercComposition`,`DesirabilityD`,`DesirabilityI`,`DesirabilityL`) VALUES (7,"sem","Sheep ",7,7,7,3,1,3,9,5,2,10,2,5,4,10,8,6,9,9);
INSERT INTO `Vegetation` (`TransectID`,`Type`,`Species`,`Plot1`,`Plot2`,`Plot3`,`Plot4`,`Plot5`,`Plot6`,`Plot7`,`Plot8`,`Plot9`,`Plot10`,`GramsUsed`,`PercUtil`,`DryWeight`,`ProdDryWeight`,`PercComposition`,`DesirabilityD`,`DesirabilityI`,`DesirabilityL`) VALUES (2,"lorem"," Cattle",4,8,8,9,6,8,2,4,8,6,3,1,5,6,9,2,5,2);
INSERT INTO `Vegetation` (`TransectID`,`Type`,`Species`,`Plot1`,`Plot2`,`Plot3`,`Plot4`,`Plot5`,`Plot6`,`Plot7`,`Plot8`,`Plot9`,`Plot10`,`GramsUsed`,`PercUtil`,`DryWeight`,`ProdDryWeight`,`PercComposition`,`DesirabilityD`,`DesirabilityI`,`DesirabilityL`) VALUES (2,"est","Sheep ",8,2,5,3,1,3,4,1,1,2,3,10,9,3,3,3,6,5);
INSERT INTO `Vegetation` (`TransectID`,`Type`,`Species`,`Plot1`,`Plot2`,`Plot3`,`Plot4`,`Plot5`,`Plot6`,`Plot7`,`Plot8`,`Plot9`,`Plot10`,`GramsUsed`,`PercUtil`,`DryWeight`,`ProdDryWeight`,`PercComposition`,`DesirabilityD`,`DesirabilityI`,`DesirabilityL`) VALUES (20,"nonummy","Sheep ",9,4,5,9,6,10,7,3,3,8,5,1,1,7,7,9,3,5);
INSERT INTO `Vegetation` (`TransectID`,`Type`,`Species`,`Plot1`,`Plot2`,`Plot3`,`Plot4`,`Plot5`,`Plot6`,`Plot7`,`Plot8`,`Plot9`,`Plot10`,`GramsUsed`,`PercUtil`,`DryWeight`,`ProdDryWeight`,`PercComposition`,`DesirabilityD`,`DesirabilityI`,`DesirabilityL`) VALUES (15,"ac"," Cattle",6,3,7,8,6,1,9,5,2,10,7,8,1,4,10,9,10,6);
INSERT INTO `Vegetation` (`TransectID`,`Type`,`Species`,`Plot1`,`Plot2`,`Plot3`,`Plot4`,`Plot5`,`Plot6`,`Plot7`,`Plot8`,`Plot9`,`Plot10`,`GramsUsed`,`PercUtil`,`DryWeight`,`ProdDryWeight`,`PercComposition`,`DesirabilityD`,`DesirabilityI`,`DesirabilityL`) VALUES (1,"Cras"," Cattle",6,2,1,6,3,1,7,4,1,6,5,6,1,6,7,3,8,10);
INSERT INTO `Vegetation` (`TransectID`,`Type`,`Species`,`Plot1`,`Plot2`,`Plot3`,`Plot4`,`Plot5`,`Plot6`,`Plot7`,`Plot8`,`Plot9`,`Plot10`,`GramsUsed`,`PercUtil`,`DryWeight`,`ProdDryWeight`,`PercComposition`,`DesirabilityD`,`DesirabilityI`,`DesirabilityL`) VALUES (7,"nunc"," Cattle",9,9,3,6,10,5,8,2,2,9,1,1,5,8,6,4,6,9);
INSERT INTO `Vegetation` (`TransectID`,`Type`,`Species`,`Plot1`,`Plot2`,`Plot3`,`Plot4`,`Plot5`,`Plot6`,`Plot7`,`Plot8`,`Plot9`,`Plot10`,`GramsUsed`,`PercUtil`,`DryWeight`,`ProdDryWeight`,`PercComposition`,`DesirabilityD`,`DesirabilityI`,`DesirabilityL`) VALUES (9,"sociis"," Cattle",3,9,8,2,10,6,5,7,10,10,2,9,2,7,5,3,9,9);
INSERT INTO `Vegetation` (`TransectID`,`Type`,`Species`,`Plot1`,`Plot2`,`Plot3`,`Plot4`,`Plot5`,`Plot6`,`Plot7`,`Plot8`,`Plot9`,`Plot10`,`GramsUsed`,`PercUtil`,`DryWeight`,`ProdDryWeight`,`PercComposition`,`DesirabilityD`,`DesirabilityI`,`DesirabilityL`) VALUES (8,"ac","Sheep ",6,5,2,7,4,1,4,2,5,6,2,2,3,3,8,3,1,4);
INSERT INTO `Vegetation` (`TransectID`,`Type`,`Species`,`Plot1`,`Plot2`,`Plot3`,`Plot4`,`Plot5`,`Plot6`,`Plot7`,`Plot8`,`Plot9`,`Plot10`,`GramsUsed`,`PercUtil`,`DryWeight`,`ProdDryWeight`,`PercComposition`,`DesirabilityD`,`DesirabilityI`,`DesirabilityL`) VALUES (1,"fringilla"," Cattle",7,7,6,4,6,6,8,10,2,1,4,4,8,6,1,8,2,4);
INSERT INTO `Vegetation` (`TransectID`,`Type`,`Species`,`Plot1`,`Plot2`,`Plot3`,`Plot4`,`Plot5`,`Plot6`,`Plot7`,`Plot8`,`Plot9`,`Plot10`,`GramsUsed`,`PercUtil`,`DryWeight`,`ProdDryWeight`,`PercComposition`,`DesirabilityD`,`DesirabilityI`,`DesirabilityL`) VALUES (12,"amet","Sheep ",6,7,1,5,2,5,4,4,8,9,8,7,10,8,1,10,3,4);
INSERT INTO `Vegetation` (`TransectID`,`Type`,`Species`,`Plot1`,`Plot2`,`Plot3`,`Plot4`,`Plot5`,`Plot6`,`Plot7`,`Plot8`,`Plot9`,`Plot10`,`GramsUsed`,`PercUtil`,`DryWeight`,`ProdDryWeight`,`PercComposition`,`DesirabilityD`,`DesirabilityI`,`DesirabilityL`) VALUES (11,"vestibulum","Sheep ",1,6,6,3,8,10,9,5,2,8,5,3,4,8,7,3,8,5);
INSERT INTO `Vegetation` (`TransectID`,`Type`,`Species`,`Plot1`,`Plot2`,`Plot3`,`Plot4`,`Plot5`,`Plot6`,`Plot7`,`Plot8`,`Plot9`,`Plot10`,`GramsUsed`,`PercUtil`,`DryWeight`,`ProdDryWeight`,`PercComposition`,`DesirabilityD`,`DesirabilityI`,`DesirabilityL`) VALUES (15,"Mauris","Sheep ",5,2,3,3,8,1,4,9,9,10,2,1,7,8,8,1,10,9);
INSERT INTO `Vegetation` (`TransectID`,`Type`,`Species`,`Plot1`,`Plot2`,`Plot3`,`Plot4`,`Plot5`,`Plot6`,`Plot7`,`Plot8`,`Plot9`,`Plot10`,`GramsUsed`,`PercUtil`,`DryWeight`,`ProdDryWeight`,`PercComposition`,`DesirabilityD`,`DesirabilityI`,`DesirabilityL`) VALUES (8,"Aenean"," Cattle",5,10,9,8,2,1,8,2,1,10,9,9,2,8,10,3,9,7);
INSERT INTO `Vegetation` (`TransectID`,`Type`,`Species`,`Plot1`,`Plot2`,`Plot3`,`Plot4`,`Plot5`,`Plot6`,`Plot7`,`Plot8`,`Plot9`,`Plot10`,`GramsUsed`,`PercUtil`,`DryWeight`,`ProdDryWeight`,`PercComposition`,`DesirabilityD`,`DesirabilityI`,`DesirabilityL`) VALUES (10,"In"," Cattle",8,10,4,2,4,8,4,5,9,1,6,6,1,3,6,10,3,4);
INSERT INTO `Vegetation` (`TransectID`,`Type`,`Species`,`Plot1`,`Plot2`,`Plot3`,`Plot4`,`Plot5`,`Plot6`,`Plot7`,`Plot8`,`Plot9`,`Plot10`,`GramsUsed`,`PercUtil`,`DryWeight`,`ProdDryWeight`,`PercComposition`,`DesirabilityD`,`DesirabilityI`,`DesirabilityL`) VALUES (6,"vulputate,","Sheep ",4,5,6,4,5,1,9,7,10,4,2,9,3,10,9,5,4,6);
INSERT INTO `Vegetation` (`TransectID`,`Type`,`Species`,`Plot1`,`Plot2`,`Plot3`,`Plot4`,`Plot5`,`Plot6`,`Plot7`,`Plot8`,`Plot9`,`Plot10`,`GramsUsed`,`PercUtil`,`DryWeight`,`ProdDryWeight`,`PercComposition`,`DesirabilityD`,`DesirabilityI`,`DesirabilityL`) VALUES (18,"justo"," Cattle",7,6,1,10,1,2,5,2,4,1,1,7,3,9,2,3,8,9);
INSERT INTO `Vegetation` (`TransectID`,`Type`,`Species`,`Plot1`,`Plot2`,`Plot3`,`Plot4`,`Plot5`,`Plot6`,`Plot7`,`Plot8`,`Plot9`,`Plot10`,`GramsUsed`,`PercUtil`,`DryWeight`,`ProdDryWeight`,`PercComposition`,`DesirabilityD`,`DesirabilityI`,`DesirabilityL`) VALUES (13,"tellus","Sheep ",4,8,6,9,9,3,2,6,7,4,6,5,6,5,8,10,2,2);
INSERT INTO `Vegetation` (`TransectID`,`Type`,`Species`,`Plot1`,`Plot2`,`Plot3`,`Plot4`,`Plot5`,`Plot6`,`Plot7`,`Plot8`,`Plot9`,`Plot10`,`GramsUsed`,`PercUtil`,`DryWeight`,`ProdDryWeight`,`PercComposition`,`DesirabilityD`,`DesirabilityI`,`DesirabilityL`) VALUES (5,"Cras"," Cattle",9,4,6,5,9,4,6,1,7,1,10,6,7,4,1,6,9,3);

INSERT INTO `ranger_districts` (`range_district_name`,`ranger_district_description`) VALUES ("J-3","eu turpis.");
INSERT INTO `ranger_districts` (`range_district_name`,`ranger_district_description`) VALUES ("U-9","justo. Praesent");
INSERT INTO `ranger_districts` (`range_district_name`,`ranger_district_description`) VALUES ("E-4","nulla. Integer");
INSERT INTO `ranger_districts` (`range_district_name`,`ranger_district_description`) VALUES ("P-1","blandit mattis.");
INSERT INTO `ranger_districts` (`range_district_name`,`ranger_district_description`) VALUES ("E-6","eget laoreet");
INSERT INTO `ranger_districts` (`range_district_name`,`ranger_district_description`) VALUES ("W-5","mi");
INSERT INTO `ranger_districts` (`range_district_name`,`ranger_district_description`) VALUES ("Y-6","ac");
INSERT INTO `ranger_districts` (`range_district_name`,`ranger_district_description`) VALUES ("D-8","molestie orci");
INSERT INTO `ranger_districts` (`range_district_name`,`ranger_district_description`) VALUES ("F-6","lectus rutrum");
INSERT INTO `ranger_districts` (`range_district_name`,`ranger_district_description`) VALUES ("E-3","auctor vitae,");
INSERT INTO `ranger_districts` (`range_district_name`,`ranger_district_description`) VALUES ("U-3","magna.");
INSERT INTO `ranger_districts` (`range_district_name`,`ranger_district_description`) VALUES ("E-7","Donec tempus,");
INSERT INTO `ranger_districts` (`range_district_name`,`ranger_district_description`) VALUES ("L-9","Nunc mauris");
INSERT INTO `ranger_districts` (`range_district_name`,`ranger_district_description`) VALUES ("S-7","amet luctus");
INSERT INTO `ranger_districts` (`range_district_name`,`ranger_district_description`) VALUES ("R-1","faucibus");
INSERT INTO `ranger_districts` (`range_district_name`,`ranger_district_description`) VALUES ("M-6","erat,");
INSERT INTO `ranger_districts` (`range_district_name`,`ranger_district_description`) VALUES ("Z-5","feugiat metus");
INSERT INTO `ranger_districts` (`range_district_name`,`ranger_district_description`) VALUES ("W-7","pharetra. Quisque");
INSERT INTO `ranger_districts` (`range_district_name`,`ranger_district_description`) VALUES ("U-6","a feugiat");
INSERT INTO `ranger_districts` (`range_district_name`,`ranger_district_description`) VALUES ("N-8","non, hendrerit");
INSERT INTO `ranger_districts` (`range_district_name`,`ranger_district_description`) VALUES ("B-5","ante");
